GitHub_Entity_Filename,Oasis_Entity_ID,Oasis_Account,ETH_Address,2021-04-04-05-00-01,2021-04-05-05-00-02,2021-04-06-05-00-01,2021-04-07-05-00-01,2021-04-08-05-00-02,2021-04-09-05-00-01,2021-04-10-05-00-01,2021-04-11-05-00-01,2021-04-12-05-00-01,2021-04-13-05-00-01,2021-04-14-05-00-01,2021-04-15-05-00-01,2021-04-16-05-00-01,2021-04-17-05-00-01,2021-04-18-05-00-01,2021-04-19-05-00-01,2021-04-20-05-00-01,2021-04-21-05-00-01,2021-04-22-05-00-01,2021-04-23-05-00-01,2021-04-24-05-00-02,2021-04-25-05-00-01,2021-04-26-05-00-01,2021-04-27-05-00-01,2021-04-28-05-00-01,2021-04-29-05-00-01,2021-04-30-05-00-01,2021-05-01-05-00-01,2021-05-02-05-00-01,2021-05-03-05-00-01
Alexxxandr0-entity.json,F5eduX4m4O/ot3UcFs3iQk1ZPUuG43kuxGI9sZz95uU=,oasis1qzmwdlxy7cltmwt99u9pwqt3g0rdwgsqyvcqymmt,0xB1869052fE6E055b45ae79B0B59d15A14bbA05fa,38437454.835641081,38453431.045070747,38469413.914299157,38486204.32735778,38502200.857422964,38518204.055786411,38534213.937344612,38550230.492791886,38566253.724919902,38582283.636521495,38599123.461434673,38615167.07422727,38631217.38715534,38647274.390890348,38664142.672296684,38680213.412620252,38696289.691436509,38713168.210625208,38729239.248035393,-1,38761362.661594996,38778218.854434059,38794258.794023017,38810286.770160078,-1,-1,-1,-1,-1,-1
Bambarello-entity.json,T5k7PtOR01oZrdnZveDpO9AFpMUhEREZk7WSSfm8Gtg=,oasis1qzugextrcdueshq63w7l9x4xglnusznsgqa95w7e,0xDeD70469224cDdF1Bee60F1eED2047ebdf9caD0C,41753713.436348437,41770061.818353253,41786416.542456343,41803647.52688966,41820015.283085721,41836389.388804509,41852769.846478686,41869156.676417576,41890072.813139276,41906474.618675605,41923755.202242842,41940170.077483646,41956591.33848587,41973018.969793159,41990326.774362528,42006767.51366136,42023213.370068652,42045069.214400031,42061509.827370893,42077945.045361572,42094368.103710417,42111658.677110604,42128061.912857656,42144451.265369564,-1,-1,-1,-1,-1,-1
C-Surgeon-entity.json,/ylWdaid2DDlI4BMVkX6gAR6eaBYlLolHbjCmHitrzc=,oasis1qp6fzgx9zhamsk6c77cwzjeme06xwswffvhk6js2,0xcF23ab4014718B48D6E9795EA72BA417D6F73688,38901790.826065833,38917358.156973123,38932931.700235572,38949321.976847054,38964908.276576222,38980500.796204192,38996099.538204377,39011704.520375795,39027315.714552212,39042933.153863987,39059369.634032826,39074999.865660323,39090636.334664764,39106279.058888611,39122742.152787154,39138397.689983226,39154058.315411106,39170530.12754391,39186184.374227883,39201833.882862813,39221368.899515342,39237817.958591281,39253440.546945302,39269050.487581087,-1,-1,-1,-1,-1,-1
CentreDLTUM-entity.json,YDHYz/R+Y7pCodhmgkCqzoqqN54gzRfVE5fjZriX+RI=,oasis1qzrehfnnntdaeshy5f6kfa8v3p35yu7mluaapmgc,0x7c1d82a14a51746c09D18028c13830F424444D35,5789123.3656826,5792015.377498142,5794908.834045784,5797924.388342996,5800820.796793387,5803718.652172255,5806617.955202426,5809518.706607089,5812420.907109795,5815324.557434456,5818350.735664531,5821257.348291626,5824165.412944791,5827074.930349406,5830107.223237805,5833019.708930445,5835933.474508739,5838968.683939856,5841882.558743206,5844796.251175404,5847708.823899378,5850742.493251034,5853653.463343324,5856563.070662816,-1,-1,-1,-1,-1,-1
Cherkes615-entity.json,/Foi5kZdBc70HPmlguvY6AzBILNrNiPDgKQLOITuIEI=,oasis1qps9drw07z0gmh5z2pn7zwl3z53ate2yvqf3uzq5,0x7884Fa36730E761E3F73c34554852D403D3d4cd8,510.0,510.0,510.0,510.0,510.0,510.0,510.0,510.0,510.0,510.0,510.0,510.0,510.0,510.0,510.0,510.0,510.0,510.0,510.0,510.0,510.0,510.0,510.0,510.0,-1,-1,-1,-1,-1,-1
Code-Breader-entity.json,WXs7ElBlm30la2fG4oZDpubeFu5sKkjDVeflWo+YuIA=,oasis1qql4alk30frfa6xua42eu7tynkqf9vd5ug95yqpn,0xd6959c3692AcdA5294b7A1e4C465dE84c1a3D55e,41696643.835522244,41712965.662937965,41729293.831239486,41746497.069391285,41762838.266834557,41779185.812614486,41795539.727503138,41811899.995628879,41828266.619905451,41844639.613601117,41861890.106980731,41882802.613618334,41899197.351519678,41915598.469964675,41932878.576461882,41949292.823830031,41965712.200342246,41983000.718055757,41999412.652871053,42015819.20142823,42032213.626975978,42049474.324103626,42065849.012485372,42082209.838970023,-1,-1,-1,-1,-1,-1
Esya-entity.json,7DwKCCQV9THNLyTELQTBCWNPIHZJdAq7qGk1D7vx2zo=,oasis1qp0j5v5mkxk3eg4kxfdsk8tj6p22g4685qk76fw6,0x845700dF7902382f52b9Bf5190CD5428d23fE68B,948.0,948.0,948.0,948.0,948.0,948.0,948.0,948.0,948.0,948.0,948.0,948.0,948.0,948.0,948.0,948.0,948.0,948.0,948.0,948.0,97888.582797422,97888.582797422,97888.582797422,97888.582797422,-1,-1,-1,-1,-1,-1
Julia-Ju-Ju-entity.json,bTok0el8GbmUzTAAgcQ78uww/TsgeWwXpM3N2S49qBQ=,oasis1qp4f47plgld98n5g2ltalalnndnzz96euv9n89lz,0xeBb571e7e4b7cE9f43CAfaf6dC0Ef0c5961d9a02,44643137.130311243,44660931.835199935,44678733.609631407,44697472.628999103,44715288.978020493,44733112.423965517,44750942.969658816,44768780.617926159,44786625.352782853,44804477.214670685,44823268.940432666,44841135.417894658,44859009.012241423,44876889.745154986,44895711.860958438,44913607.214237445,44931508.347986413,44950340.341078724,44968234.090424577,44986122.361716621,45003997.941843026,45022801.335314757,45040656.365598424,45058496.842302389,-1,-1,-1,-1,-1,-1
Krewedk0-entity.json,32KS5Z9LWTD2UEUOqhRwZyJvb0lb12iiE9UYgoFjsKQ=,oasis1qzu358mpd4z5frmrq6vnwq87cqfvdmfxh5ax57cj,0x40DC494150fE934641B68ce20E46f1dA760647BA,7339852.710034287,7348866.166694078,7352537.362908505,7356363.475842308,7360038.417409056,7366768.284176166,7370448.423564195,7374130.401400974,7377814.218604912,7381499.876094883,7371385.389054666,7380464.05442163,7384151.035662367,7398943.55520265,7402793.816987901,7406491.953274593,7410191.714699425,7414045.679772384,7417745.579886011,7421445.248433397,7425143.49522835,7439293.031815692,7473479.284910433,7477194.040176635,-1,-1,-1,-1,-1,-1
Lucas-L-entity.json,aOefxt5MUuXEbErxpD+ZttJWh/3d9if+t+PBTeAgKpo=,oasis1qz2rxs50p4kn537tcupjhg7ad3zcm9s7uuyrrd9e,0x75Ed9808B3D71D90694b70BB650Ce3ECe80209FD,8242346.707020103,8378920.193872601,8582654.627371756,8509512.790237918,9989437.663779455,9994220.897928174,10000211.083643197,8888181.162989025,8915036.006271919,9218640.88242824,9222837.790951264,7587310.297335404,7614166.849787226,7617970.579489317,7621934.818543792,7626866.583170567,7679348.619014204,8183498.572555559,8194032.459896728,7786245.068070101,7835308.277474444,7839373.071960287,7853522.67292439,7857426.331929158,-1,-1,-1,-1,-1,-1
Ostrovmaria80-entity.json,Y+ve+O0hlBco/1YzuFODIn7Jo3D5c9BOqduhc7KZM8E=,oasis1qq3fq8hxrlq6pedw0q3f57daea43a6v7q5rwf0ll,0x00000000037a08ce8c4917a5c58f40c85367df0c,37308676.570389399,37327314.475759282,37345961.691872629,37314365.879223715,37333006.62674211,37351656.686423795,37370316.062920748,37388984.760887272,37407662.784979998,37426350.139857878,37445826.061606733,37464532.481313595,37483248.245990914,37501973.360307061,37521488.634862651,37540232.852529936,37558985.307303877,37573333.30111409,37592083.870796958,37610833.266934913,37573809.396747348,37593301.905253657,37612006.023174296,37630701.384748318,-1,-1,-1,-1,-1,-1
PowerMax999-entity.json,tcon38rBr3dHmURuXOTUFpDPKwE4eOU82F121rX9esE=,oasis1qqx820g2geqzeyeyfnm5hgz72eaj9emajgqmscy0,0xd5D39C5d46D973c1C824877d9a583fd2e4A39C11,37348951.017937151,37364383.895482545,37379823.161580535,37396047.02651621,37411499.411330276,37426958.192795302,37442423.373564979,37457894.956294099,37473372.943638557,37488857.350375712,37505128.632539683,37520626.184316326,37536130.151487473,37551640.536714616,37567939.127350308,37583462.691873433,37598991.554642135,37615299.835908362,37630823.449650527,37646342.940411166,37661852.271778352,37678138.517779163,37693631.581294715,37709112.925801016,-1,-1,-1,-1,-1,-1
Sayeh-1337-entity.json,uxSkvFu6x4MIYV+M1VrDu3m/qbADs/1Ae3mWAcEmnaQ=,oasis1qrtq873ddwnnjqyv66ezdc9ql2a07l37d5vae9k0,0xb6Ea7321514E435C1B2c570c33f3Ca68D912FB24,53012409.541435145,53038892.396451429,53065388.481230627,53093002.64477506,53119525.760845111,53146062.126790873,53172611.749231443,53199174.634789234,53225750.790089962,53252340.221762652,53280051.671242149,53306668.229438143,53333298.084189751,53359941.242139397,53387708.685031159,53414379.024315624,53423933.870117699,53451719.112810891,53478393.620921792,53505066.45955097,53531729.048025921,53559500.192357019,53586148.109847565,53612783.552095861,-1,-1,-1,-1,-1,-1
SimplyVC-entity.json,WazI78lMcmjyCH5+5RKkkfOTUR+XheHIohlqMu+a9As=,oasis1qz0ea28d8p4xk8xztems60wq22f9pm2yyyd82tmt,0x4fBefaf1BFf0130945C61603B97D38DD6e21f5Cf,179069199.522402149,179275383.644125034,179361731.910311443,179448855.066017772,179546239.501973729,179695937.284975845,179785706.10505588,179875519.770006536,179957141.123452865,180142892.973850291,180221461.868518289,180311493.219418442,180482569.699189649,180572731.488998034,180672598.605774715,180457168.147504234,180599350.20962894,180692774.060588567,180842521.820492152,180839492.214149053,181064396.271355697,181216814.242247949,181285108.293758927,181253424.469941476,-1,-1,-1,-1,-1,-1
SmartStake-entity.json,KmMS+RzjQ9vm9J2aX9YihJnmmSc/IBquCysbhPxVDFM=,oasis1qqlq8jplttrmw982rrhp0svl8054xqevecks5yqr,0x770BCcB2F326435AFda99871890f5cC23B2f6058,46238351.822208867,46261450.632055307,46246921.02760023,46270986.997476892,46294102.110536534,46317228.770971461,46340366.984550279,46363516.757044469,46386678.094228398,46409851.001879314,46434001.757245818,46457198.305884145,46480406.442579678,46503626.173121344,46527825.727205602,46551069.146503367,46574322.78007239,46598545.609953498,46621800.115205337,46645053.165023721,46668297.278884815,46692507.817988748,46715739.141867642,46738959.589985112,-1,-1,-1,-1,-1,-1
Tuzemunez-entity.json,XSQLBoubhOq/X86vKIj4Xzouo1Fhe39+kLF/2PDgKpM=,oasis1qqr8y5cez0aczdlnfp9fre82whjsdgqgd5xxtv6p,0x70892d799f350b97106ae8B9AE603bcaf650a943,508.0,508.0,508.0,508.0,508.0,508.0,508.0,508.0,508.0,508.0,508.0,508.0,508.0,508.0,508.0,508.0,508.0,508.0,508.0,508.0,508.0,508.0,508.0,508.0,-1,-1,-1,-1,-1,-1
UbikCapital-entity.json,3NKMT/Qz11e2xklwSCV/zeawLE3BIO/Rn4LfaV47QJI=,oasis1qppjm5sxqwps4dpyekdvz530sjmq3e5eusp7hdan,0xC869a1389cab3594175f7a017e4b932C9E982434,42502275.366805055,42523507.784009584,42544750.808070721,42566890.242839706,42588154.939022093,42579167.507289962,42600438.336696951,42621719.789918966,42643011.876724764,42664314.600195692,42686516.253563358,42707840.710060841,42729175.819394043,42750521.586884683,42772768.100638701,42794135.645069384,42815512.579422093,42837780.490485038,42859158.226170858,42880534.623884898,42901902.806823736,42924159.419044462,42945515.844224714,42966862.271378745,-1,-1,-1,-1,-1,-1
Wanderer-Cry-entity.json,sDi9ZxHYB+rHTpVh4abNFXDMRSecfGe4QzbyGK8ZgQg=,oasis1qqewwznmvwfvee0dyq9g48acy0wcw890g549pukz,0x29d5E04c8D621fF9022F643C6a1CfA9baBEe2a7C,41714689.81765002,41731018.658198282,41747353.831063751,41764564.441171385,41780912.62614572,41797267.150846822,41813628.017702447,41829995.247017204,41850891.820273179,41867274.005582575,41884534.142929133,41900929.377888417,41917330.970866346,41933738.942217396,41951026.25916346,41967447.300476562,41983873.468153415,42005708.852203359,42022129.775662137,42038545.287398433,42054948.664944554,42072218.741194108,42088602.306881747,42104971.998495757,-1,-1,-1,-1,-1,-1
anhhoangta-entity.json,EMocfU8+k8g40RFIrEQzXxnmjvkLl0lTm9HdlvLuBrY=,oasis1qr6up5yhuqyngscsst7n9epnhg2uwmumwuttlh0w,0x0d3854F9618fEDe545Ff348114F67BA155D9adAB,-1,-1,-1,-1,-1,-1,-1,-1,-1,-1,-1,-1,-1,-1,-1,-1,-1,-1,-1,-1,-1,-1,-1,-1,-1,-2,-2,-2,-2,-2
aptemuyc-entity.json,BBba0XfI4WSTroE+/YGcFthxbEC5jQJhWhl0jIBwke0=,oasis1qq2kqzr4q942x44st97n66nmmyh7dhsuvsqyc22u,0x123456789681afb25aaaa3b2a6e064c57c8fa3e9,38938638.997727536,38958091.16638065,38977553.052550222,38946470.943233222,38965927.024409443,38985392.825056659,39004868.350030328,39024353.60418833,39043848.592390966,39063353.319500977,39083681.10486224,39103205.730683927,39122740.110218741,39142284.248339243,39162653.107772325,39182217.184811595,39201789.859242976,39168897.822912341,39188444.64198596,39207990.237679678,39227528.322160467,39247878.745547864,39267406.079274545,39286924.271265521,-1,-1,-1,-1,-1,-1
bitoven-dev-entity.json,UFXCpcvXBOHbxtObG4psGcn+LgZOedvDDUAqVengpPk=,oasis1qrs8zlh0mj37ug0jzlcykz808ylw93xwkvknm7yc,0x1ed5C9755dA699903b49a69733701f14e16a6b1b,101234066.018395696,101279072.195411869,101329566.795285402,101382296.668927274,101424528.203728896,101475195.794558082,101525888.696865724,101584101.971239429,101634849.278666784,101683543.449528758,101736457.525519864,101787280.943618094,101838129.75103978,101889003.960468396,101942024.953987356,101992951.065255944,102044269.087260738,102097341.270019367,102148291.855014794,102199239.251157779,102250167.068632174,102303212.32231705,102354112.116960257,102404988.082827015,-1,-1,-1,-1,-1,-1
calvinzhou-rockx-entity.json,3DRMMM7ye2HREvk8zz06OjMG6BuWjs84PLdSYChNHAw=,oasis1qpjuke27se2wnmvx6e8uc4l5h44yjp9h7g2clqfq,0x7d1c8AA977696fD938CA2EaBE8D9be7358694486,39238474.688885029,39256962.739540176,39276573.929855871,39297012.670945038,39316643.868586112,39336284.873179285,39355935.68962371,39375596.322820994,39395266.777675185,39414947.059092791,39435457.806782308,39455158.166011993,39474868.366744109,39494588.413895069,39515140.605347824,39532169.523657936,39551917.009615742,39572487.557935249,39592235.784144861,39611982.774369069,39631722.175986072,39652282.286713146,39672010.82680208,39691730.130960401,-1,-1,-1,-1,-1,-1
cherideal-entity.json,xQN6ffLSdc51EfEQ2BzltK1iWYAw6Y1CkBAbFzlhhEQ=,oasis1qzp84num6xgspdst65yv7yqegln6ndcxmuuq8s9w,0xCD60CC64acf74c68a7E9D7407d249Bae74DEf892,103327.14952014,103327.14952014,103327.14952014,103327.14952014,103327.14952014,103327.14952014,103327.14952014,103327.14952014,103327.14952014,103327.14952014,103327.14952014,103327.14952014,103327.14952014,103327.14952014,103327.14952014,103327.14952014,103327.14952014,103327.14952014,103327.14952014,103327.14952014,103327.14952014,103327.14952014,103327.14952014,103327.14952014,-1,-1,-1,-1,-1,-1
chris-remus-entity.json,a/LVFfoI3aRoasZs6tP/Lvn0CbG6RkvEFYHcVR/Vo9M=,oasis1qrxyndkhehffdme39urcp2v7m2t7k06xwsuyaxqq,0x1216F51Cf38BAa42eDc63C89560162277E4399F5,36758904.009854738,36777267.271096226,36795639.705880085,36814787.418572688,36833178.596904227,36851578.962724384,36869988.52062286,36888407.275191642,36906835.231025015,36935273.125135217,36954493.500257815,36972954.470095497,36991424.662286811,37009904.08143887,37029163.293013846,37047661.564858975,37066167.965730391,37085445.701344886,37103952.795944944,37122458.732238504,37140957.556851759,37160225.510853037,37178714.156560833,37197194.146795492,-1,-1,-1,-1,-1,-1
dcccapital-entity.json,4gbOOU09bcyvM53Up1lTnP+sLb0feniJu0OcUUPCBSs=,oasis1qzl99wft8jtt7ppprk7ce7s079z3r3t77s6pf3dd,0x3B6408d6585FfCc23a951874ce7399C038ac45d0,94512173.740596174,94550310.608739997,94597544.118577707,94647164.922088009,94694446.816422108,94741852.335039717,94789181.531374439,94912982.371460793,94960397.057438085,95007835.429874176,95057275.601342848,95107260.854049845,95154771.513941894,95207618.91073121,95257163.045515174,94797360.062428801,94808046.138881558,94867388.299801664,94918460.350399178,94946256.630097956,94993570.148896772,95043650.621575697,95062424.722468208,95159676.294245465,-1,-1,-1,-1,-1,-1
dm4-entity.json,RDCyARTIdpiG75L9vVXAYIhRCToSrchZkv3JUW3Pji8=,oasis1qztpm422n7v98f4s7ja0wt5jey7fy3xpg5ye2vtl,0x1cca28600d7491365520b31b466f88647b9839ec,42108369.455714805,42129405.093462907,42150451.23976456,42172385.488948812,42193453.106517136,42204484.431784198,42225568.084685696,42246662.270127177,42267766.993370269,42288882.259679233,42310888.545588984,42332025.353680811,42353172.720866805,42374330.652421857,42396381.403960887,42417560.920825866,42438749.744984559,42460821.705543038,42482011.323983362,42503199.616225635,42524379.765980102,42546440.527122562,42567609.022582959,42588767.607996578,42609916.258120267,-1,-1,-1,-1,-1
elsehow-entity.json,4g2p36WoOzdHyXq6tOjFb3nv6y90/zyQcb1eQcy5doo=,oasis1qra3rvq7y055waxmnx8rc0nad3frr8na2s9l8l3f,0xDf3679681B87fAE75CE185e4f01d98b64Ddb64a3,37061642.878060664,37080157.375392416,37098681.121817971,37117986.53118368,37136529.175524968,37155081.083021162,37173642.258299763,37192212.705990581,37242996.152745778,37261601.246836321,37280991.436566515,37299615.511563631,37318248.890395119,-1,-1,-1,-1,-1,-1,-1,-1,-1,-1,-1,-1,-1,-1,-1,-1,-1
gsuwiwoskjs-entity.json,+MBgzI9mlzJsOxIDVib7XsY4X4a4YqX67dpH8It9sX4=,oasis1qq9dy5xlkrp6y3ckfp8rx8edq77c88ttl5qe3p2u,0xfE2f873CC0ADd0C3E76D4932a0d8B099231Fd6f0,800.0,800.0,800.0,800.0,800.0,800.0,800.0,800.0,800.0,800.0,800.0,800.0,800.0,800.0,800.0,800.0,800.0,800.0,-1,800.0,800.0,800.0,800.0,800.0,-1,-1,-1,-1,-1,-1
gunray88-entity.json,Vt63FfFzNMgUngrMvnKks+icySi5LwkjniJEJMZAimM=,oasis1qq4f2h225gv6g8w8w23fm740aze9lke4qun72n59,0x0d34a90Bd5586C62fD94b1c1B52c38FeFF8Feae0,41292232.756166161,41312860.685038649,41333498.918789831,41355008.042376303,41375667.331242002,41396336.940652581,41417016.875763763,41437707.141733856,41458407.743723732,41479118.68689685,41500703.588089157,41521435.660554902,41492419.383745573,41513147.317757995,41534749.926767108,41555499.007406203,41576257.206184729,41597880.593177473,41618639.570095256,41639397.24776762,41660146.948433845,41681759.363618897,41702497.646843969,41723226.221426438,-1,-1,-1,-1,-1,-1
huglester-entity.json,GDWO0+R7qSrWB0bvT+V2Kz6vlHcm6ZnaNQM2/FsFqEA=,oasis1qzv7a0gkxwpfelv985fvkl24k7jh3arfwy84zw7q,0xb6ADf0345aa8364b225ED388EfFF9A568E06fa4c,37626600.666064373,37645397.393449794,37664203.510919735,37683803.206790972,37702628.510251425,37721463.218071848,37740307.334950279,37759160.865587102,37778023.814685048,37796896.186949201,37816564.9334269,37835456.55927467,37854357.62261439,37873268.128160651,37892976.617064352,37911906.415097782,37930844.531790766,37950571.976861277,37969510.803466149,37988448.444743641,38007378.808440125,38027096.243712741,38046016.191051083,38064927.28100211,-1,-1,-1,-1,-1,-1
hydai-entity.json,UC0Aaa2Czc25G5+X2HOio6H0wQuBJR550chCE2kieN0=,oasis1qp3fd5rplv5uh6nc9vn85ejeaszewjv2xgvfts07,0x1cCA28600d7491365520B31b466f88647B9839eC,103191.649536077,103191.649536077,103191.649536077,103191.649536077,103191.649536077,103191.649536077,103191.649536077,103191.649536077,103191.649536077,103191.649536077,103191.649536077,103191.649536077,103191.649536077,103191.649536077,103191.649536077,103191.649536077,103191.649536077,103191.649536077,103191.649536077,103191.649536077,103191.649536077,103191.649536077,103191.649536077,103191.649536077,103191.649536077,-1,-1,-1,-1,-1
jjangg96-entity.json,DIbPacWGEiealk+226eYEafYmKJpD98PYoWp/tcPXJI=,oasis1qpsnzv8qz4fu3lwps2tc3eg5pnryzl4h7cqxruzf,0x17cCdDa3914aB73f480FEEa2eCA6381C2cE6D4b9,39298064.241439873,39317695.964403023,39337337.494580696,39357807.855809881,39377469.424265646,39397140.814845536,39416822.032456291,39436513.082007096,39456213.968409593,39475924.696577871,39496467.175806578,39516198.012848693,39535938.706618719,39555689.262040679,39576273.249148981,39596043.954076524,39615823.347198366,39636427.132551735,39656207.26712145,39675986.16370871,39695757.459427413,39716350.790323728,39736111.206964754,39755862.372752139,-1,-1,-1,-1,-1,-1
jrastit-entity.json,kupW3Pt0XMeERSkdDWyZMU4oZrk0wGysVXVyqX3rylc=,oasis1qz26ty8q6gwt6zah7dtt8jpepvwnttkg8ssnxjl7,0xB724531aD056340bbf611Ac2E68502B26D394179,36118117.453031253,36136160.60323407,36154212.767064737,36173026.694046972,36191097.27468507,36209176.882654149,36227265.522463899,36245363.198626262,36263469.915655437,36281585.678067873,36300465.88735758,36318600.131460686,36336743.434698465,36354895.801596493,36373814.160003707,36391985.045936282,36410163.917026101,35901476.942483763,35919393.19015157,35937308.316492312,35955216.558196194,35973869.374502529,35991767.762266874,36009657.770887769,-1,-1,-1,-1,-1,-1
k0kk0k-entity.json,LaKJUKndAqH57DVExspTjdRTRNGJOSqArzM0pm8REZw=,oasis1qrmexg6kh67xvnp7k42sx482nja5760stcrcdkhm,0x21ae46BA2e14C70bF4cF135931020BeA69F1c3ec,44815568.32468901,44834728.434944493,44853896.789881534,44874007.19030178,44893192.421687099,44912385.897190956,44931587.620376177,44950797.594807128,44970015.83550234,44989242.334587146,45009413.722038937,45028657.149058959,45047908.845352402,45067168.814493032,45087375.320292947,45106652.25849201,45125936.126701823,45146156.027011421,45165434.74851419,45184709.09288764,45203971.814865341,45224167.616940935,45243411.965515915,45262642.818566233,-1,-1,-1,-1,-1,-1
kaustubhkapatral-entity.json,tvPlmGHv5aokL9MMBqNAkSOygldJIlRTmSIvCwuh0rU=,oasis1qzc687uuywnel4eqtdn6x3t9hkdvf6sf2gtv4ye9,0xbDcaAB0Ed904cBD5Ed666622f1D5BfA4d0A35E4f,47331982.466892478,47355627.610362594,47379284.565989748,47403939.795133809,47427620.885573847,47451313.806128573,47475018.562707831,47498735.161224423,47522463.607594102,47546203.907735576,47570945.998356275,47594710.518338658,47618486.910113753,47642275.17961223,47667067.263795388,47690879.802073086,47714702.804720165,47739518.734611925,47763342.630285124,47787165.03488834,47810978.284735869,47835781.622908733,47859581.769609224,47883370.774253464,-1,-1,-1,-1,-1,-1
lqyice-entity.json,J2nwlXuYEPNZ0mMH2Phg5RofbZzj65xDvQMNdy9Ji0E=,oasis1qz22xm9vyg0uqxncc667m4j4p5mrsj455c743lfn,0x64fbF94E304F35970692C06c52A414784Af15B5F,129896802.658965448,129961693.84617338,130026617.450393055,130094280.693462983,130159270.532707329,130224292.838245983,130289347.626297795,130354434.913089712,130419554.714856794,130484707.047842202,130552608.671548246,130617827.472907284,130683383.956509494,130748668.087909954,130816707.071645545,130882057.805880305,130947437.258356463,131015541.683858373,131080923.587140567,129149052.084305789,129213409.504182244,129280442.725575775,129344764.733035158,129466376.622039413,-1,-1,-1,-1,-1,-1
lymweb-entity.json,BTAJNDyd6/UQ+pfhTDdPGsothzJ+C5/C/g52a3DIlMw=,oasis1qrgxl0ylc7lvkj0akv6s32rj4k98nr0f7smf6m4k,0xB30d353A0cdab1F33E486FB605BCa9ec88826C9A,37347106.175019499,37362106.397567788,37377112.652226615,37392903.071545395,37407921.725483988,37422946.418963593,37437977.154416596,37453013.934276365,37468056.760977251,37483105.63695458,37498940.901366018,37514002.211906317,37529069.579174731,37544143.005610579,37560004.101074269,37575089.982403067,37590180.802681209,37606050.479490238,37621135.329879625,37636215.70028713,37651285.556115469,37667131.729590608,37682184.600879899,37697225.399248271,-1,-1,-1,-1,-1,-1
marssuper-entity.json,zAhtGrpk1L3bBLaP5enm3natUTCoj7MEFryq9+MG4tE=,oasis1qq0xmq7r0z9sdv02t5j9zs7en3n6574gtg8v9fyt,0x33E0e54ffC9a5b43B28e331957387F0BE60e48C5,-1,-1,-1,-1,-1,-1,-1,-1,-1,-1,-1,-1,-1,-1,-1,-1,-1,-1,-1,-1,-1,-1,-1,-1,-1,-1,-1,-1,-1,-1
nodeRunner130-entity.json,9+lM5vQ1g+cVzjaNM78gxw1yUegVj57tHDbpN7DKIvw=,oasis1qppctxzn8djkqfvrxugak9v7dp25vddq7sxqhkry,0xb2F959f8B17c9452Fc1d1B9c75020A000471D534,505.0,505.0,505.0,505.0,505.0,505.0,505.0,505.0,505.0,505.0,505.0,505.0,505.0,505.0,505.0,505.0,505.0,505.0,505.0,505.0,505.0,505.0,505.0,505.0,-1,-1,-1,-1,-1,-1
nodeasy-entity.json,J3ou5m1abrwcbYwTksSj1Hj21QoDjyrSkjB40rEKV4E=,oasis1qqnmppt4j5d2yl584euhn6g2cw9gewdswga9frg4,0x183348a186F6099110327a37368cA19430Ee30Ea,51201286.923346589,51226865.01477777,51252455.883988584,51279126.633781266,51304743.61078252,51330373.384989065,51356015.962793865,51381671.350593082,51407339.554786072,51433020.581775386,51459785.293814225,51485492.520572894,51511212.589621979,51536945.507376974,51563764.299862113,51589523.47032539,51615293.960601431,51642138.548138967,51667910.004444407,51693679.847787574,51719439.787990235,51746270.754458497,51772016.520355412,51797750.233353013,-1,-1,-1,-1,-1,-1
npinto-entity.json,kN01v7L/wv6hvrd1ak83pgCedGDnpgbGJVkXezhUUJ8=,oasis1qrw82ag2sypeytse9x9k4uxym53l5lc5jyfs2sxv,0xb98ddC58bc81c697A38151D5d5b7e4b8d917f6C1,33378227.687693725,33394902.099820992,33411584.841809943,33428971.560243683,33445671.321956666,33462379.426194959,33479095.877126147,33495820.6789199,33512553.835747976,33529295.351784205,33546743.324405776,33563501.920127291,33580268.887765206,33597044.231501792,33614527.459281161,33631319.91721403,33648119.754556884,33665619.798185695,33682420.265285164,33699219.680891102,33716012.640618715,33733503.804643539,33750287.524111131,33767063.386268061,-1,-1,-1,-1,-1,-1
oceanabcde-entity.json,ko5wr5SMqhKb+P1kimM1EF/T4SqvW/WjSOwPHigQl+k=,oasis1qz72lvk2jchk0fjrz7u2swpazj3t5p0edsdv7sf8,0x373Ae024d17D7AE3C99CBe614a36c5EAa770dF66,-1,-1,-1,-1,-1,-1,-1,-1,-1,-1,-1,-1,-1,-1,-1,-1,-1,-1,-1,-1,-1,-1,-1,-1,-1,-1,-1,-1,-1,-1
ponchik69-entity.json,FDqRmM1FyhaGas+lquWmGAKgMsU2rj7UESAlnOHtxco=,oasis1qq7vyz4ewrdh00yujw0mgkf459et306xmvh2h3zg,0xfA92Bd86c45C6e6e9EA6c10918D98579B39A4AfC,42480883.860655897,42502105.591529417,42523337.923921088,42545466.215854758,42566720.209460045,42587984.820700634,42609260.05488067,42630545.917306943,42651842.413288897,42673149.548138621,42695355.799035945,42736974.4847689,42758324.148157241,42779684.47697364,42801946.16651058,42823070.23248508,42844461.62051857,42866744.587682302,42879294.697257156,42900681.138220583,42922059.360549267,42944326.429569589,42965692.888615552,42987049.344937934,-1,-1,-1,-1,-1,-1
realizability-entity.json,RZowTXmfT+b6H6Vuz97VECIy2cq8tytTilv8AxbtvO8=,oasis1qram2p9w3yxm4px5nth8n7ugggk5rr6ay5d284at,0x1E453B5F439879cc54064298Eb12E41592cE5010,46582054.833267228,46605325.343232364,46628607.478202791,46652872.070050786,46676177.957442274,46699495.487512187,46722824.666076736,46746165.49895504,46769517.991969119,46792882.150943905,46817232.228035844,46840620.223112534,46864019.901885325,46887431.270190923,46911830.548747627,46935265.80131806,46958711.352460473,46983134.098914522,47006580.528933951,47030025.491507903,47053461.444374057,47077871.798612326,47101294.855937628,47124706.947741345,-1,-1,-1,-1,-1,-1
rozum-dev-entity.json,21+iPu/omYBN7X5cUY4QnD4b9VVuAiW/u8uABqt2VjM=,oasis1qpaygvzwd5ffh2f5p4qdqylymgqcvl7sp5gxyrl3,0x73da0E7b376fd9De019F6058b79b777D87b3791F,55559.8184182,55559.8184182,55559.8184182,55559.8184182,55559.8184182,55559.8184182,55559.8184182,55559.8184182,55559.8184182,55559.8184182,55559.8184182,55559.8184182,55559.8184182,55559.8184182,55559.8184182,55559.8184182,55559.8184182,55559.8184182,55559.8184182,55559.8184182,55559.8184182,55559.8184182,55559.8184182,55559.8184182,-1,-1,-1,-1,-1,-1
sideEffect117-entity.json,WqBX+RyP1S8WsCuxrkwk1KUEqpPxkMSYyvl0rjL+NCo=,oasis1qp4ajz4vdgx3ze42ulk7m0jkxfstqcl87qymg9nx,0x0f02253f52dCc313d77b0e78C44e4d9a3503b50c,9140.0,9140.0,9140.0,9140.0,9140.0,9140.0,9140.0,9140.0,9140.0,9140.0,9140.0,9140.0,9140.0,9140.0,9140.0,9140.0,9140.0,9140.0,9140.0,9140.0,9140.0,9140.0,9140.0,9140.0,-1,-1,-1,-1,-1,-1
slavaAa129-entity.json,oPekghIahmyMUzB31IFbXQd6DKdo7lnOYsXIppK2IWU=,oasis1qr8al5vcpqzjspdl8yt27fqc3pydz4alhs0xqp5e,0x88888888a51765b09a32e8930e1ba1a17927ebad,24000.0,24000.0,24000.0,24000.0,24000.0,24000.0,24000.0,24000.0,24000.0,24000.0,24000.0,24000.0,24000.0,24000.0,24000.0,24000.0,24000.0,24000.0,24000.0,24000.0,24000.0,24000.0,24000.0,24000.0,-1,-1,-1,-1,-1,-1
spdd-entity.json,C7he7BJPrgVrsGRm4m+OFcHlcNYOEPSGeerxvV/BsBA=,oasis1qrzkqzvlw9xgyxhhqps746ssyhn5lkqrmcgz8amq,0x0681fCDB638f3617A5f2197B124Bc9817C4bCF60,39079257.58570635,39098780.001716832,39118312.170336509,39138668.555181137,39137698.75270828,39157250.363561368,39176811.741608213,39196382.891728113,39215963.818802795,39235554.527716436,39255971.923131679,39255000.181640712,39274610.391541882,39294230.397910522,39314678.327071432,39334318.349759585,39353967.003214002,39374434.599755705,39373438.488534375,39393076.351603425,39412706.668001948,39433153.158052254,39452772.672946415,39472383.002950191,-1,-1,-1,-1,-1,-1
wetezos-entity.json,izy38AmUeU4b4L23kVy4BlxbkHGOPy4KPSSLnJglrV0=,oasis1qz65awwegd9pr8msfxkg7hpwyjemm2qdlysyc8jq,0x9EA0fe988BC7A57DEabD3EfaE79DEC6Af10E5210,54795825.836129879,54796966.137265528,54824340.484557006,54852869.9714351,54880272.246020356,54907688.209673347,54935117.869232575,54962561.231539963,54990018.303440848,55017489.091783985,55046119.089322249,55073617.903348274,55101130.454669233,55128656.750147721,55157344.597105103,55184898.974894826,55212465.461397361,55241180.901115152,55268748.420971574,55296314.215455206,55323869.416628967,55352570.285998339,55380110.325031069,55407637.47117419,-1,-1,-1,-1,-1,-1
winslyn-entity.json,kfr2A6K6TlvhQm4nz88Hczzkd2Aq5PlkxSpnmUUBAFs=,oasis1qr0jwz65c29l044a204e3cllvumdg8cmsgt2k3ql,0x518970f66BddB2Ac23651Ac9E3fCEa7801EF63c2,235110592.026797882,235037946.362842447,234909076.87719749,234343955.645214374,234479777.008854175,234488556.986268771,234142939.362407438,234366057.44650865,234206097.199138038,234747310.928343053,234762398.638687797,234856728.068476045,235056130.096932178,235135925.322852967,235713961.307767745,235861311.98292663,236725470.138736527,236872575.535623465,237209300.336881447,237148706.06014868,237112015.873304069,237477795.64965251,237515094.975366396,237651572.446032308,-1,-1,-1,-1,-1,-1
wjdfx-entity.json,UkwjS1YvEfHx9b6MMT5Q1WvCY3aWn2lxRDsB/Pw+zGk=,oasis1qrdx0n7lgheek24t24vejdks9uqmfldtmgdv7jzz,0x9Beebb1230D10a4fD6D0b0BcdF3a68f0b0364F55,59072243.296804846,59102019.488179766,59131544.465950331,59161813.179597508,59191839.245533712,-1,-1,-1,-1,59340004.19049664,59370883.538172072,59400542.829544238,59430216.93749841,59459905.869436351,59493022.668054648,59523217.503550022,59552951.108256731,59584250.305605397,59613985.1877465,59643718.20886576,59673439.803827636,59704397.139579643,59734102.380350833,59763793.714591622,-1,-1,-1,-1,-1,-1
xudoubles-entity.json,VsrHPScBde1FUb+BDWONvLxxwKOKevLB7FRbUAaiF+Y=,oasis1qqs5wnxvsk009swtt7ehm5fslxve96kczszwt47s,0x87de27a0F3AACe035690734F5324Eacb1313cC27,3559982.00530463,3561389.809401998,3562798.168671463,3564281.256024333,3565690.757168754,3567100.814152947,3568511.427195323,3569922.596514382,3571334.322328711,3572746.604856982,3574233.82412408,3575647.251698854,3577061.236657083,3578475.77921779,3579965.378679878,3581381.068114775,3582797.208341047,3584287.562554976,3585703.093484071,3587118.17745909,3588532.239321962,3590020.272911619,3591432.675713707,3592843.90791878,-1,-1,-1,-1,-1,-1
y3v63n-entity.json,jzTWYikeN6NIuMQ6l4iqdDOF9jyfOJG2FcnQaNBn9+s=,oasis1qp4rp7adhegfktyg4aq3w6jelqumx6klfv5t7kvv,0xE63Ecd27499b22c48F3BB04b2351BF7a803a24C0,61372756.220331816,61403415.566303675,61434090.228444356,61466059.29648146,61496765.252895283,61527486.548762617,61558223.191746438,61588975.189513543,61554907.125791329,61585657.466986041,61617705.407573273,61648487.120248857,61679284.210222718,61710096.685176732,61742209.381436559,61773053.291260268,61803910.755374657,61836054.338509167,61866912.959342624,61897769.648822624,61928614.480328659,61960741.753658747,61926343.058159802,61957124.063930037,-1,-1,-1,-1,-1,-1
zxliu-entity.json,bb1zWp0gzS1ij1OY3KzxC0BJNdqkAiJ26z3iD8slt7c=,oasis1qpqz2ut6a6prfcjm64xnpnjhsnqny6jqfyav829v,0x986EAf493D48F7c673EAC361001b4300d9222FFb,38601691.189165868,38620975.032326153,38640268.508914289,38660376.129428236,38679689.289210383,38699012.09706578,38718344.557814214,38737686.676277879,38757038.457281379,38776399.905651728,38796578.36621341,38815959.567122548,38835350.45009553,38854751.019969124,38874970.252878781,38894390.615202897,38913819.511764001,38934058.192088104,38953487.816958406,38972916.225783658,38992337.168429945,39012565.579552994,39031975.835902003,39051065.530770552,-1,-1,-1,-1,-1,-1
